id,username,created_at,lng,lat,text
1517350255104528384,ManimalManCrush,Fri Apr 22 03:51:06 +0000 2022,-77.5223735,37.6439065,"Come on, Nuggets..."
1517350255154671616,YeezyCraig,Fri Apr 22 03:51:06 +0000 2022,-81.3677725,28.501678499999997,Noooo not Poole
1517350255834148871,TylerSaintReal,Fri Apr 22 03:51:06 +0000 2022,-88.728421,34.264073499999995,@FinnGay76 Yep‚Ä¶same Dick! üòòüòò thanks!
1517350255683006465,RichardImmoos,Fri Apr 22 03:51:06 +0000 2022,-122.201098,39.524221,I‚Äôm on TruthSocial. It might be a little while waiting. https://t.co/SmkUzh0wOO
1517350256333271041,cMCtheGoat,Fri Apr 22 03:51:06 +0000 2022,-78.6372695,42.910005,@JRSportBrief you‚Äôre being a jerk.
1517350256383610882,DaveWallsWSET,Fri Apr 22 03:51:06 +0000 2022,-79.95791,37.274488500000004,"The Roanoke @RailYardDawgs are one win away from the #SPHL Presidents Cup Finals, after a dominant win over Huntsvi‚Ä¶ https://t.co/jkuRAgIoL2"
1517350257016942592,DarthRaider98,Fri Apr 22 03:51:06 +0000 2022,-89.87644900000001,32.571032,@TiaLoops So that‚Äôs Jenny?
1517350256865816576,BeAsTdiM,Fri Apr 22 03:51:06 +0000 2022,-115.135165,36.0609645,So the saga continues with .@FlyFrontier  .@FrontierCare So they admit that they were wrong.... but can't refund‚Ä¶ https://t.co/fOYlyet54q
1517350257755144192,Lickety2split,Fri Apr 22 03:51:07 +0000 2022,-82.6694675,40.365159500000004,PC PROBLEMS are awful
1517350257939685376,TheFakeAbeBeame,Fri Apr 22 03:51:07 +0000 2022,-73.9487755,40.655138,@krispursiainen Please delete this.
1517350259013427201,TheBlindAmputee,Fri Apr 22 03:51:07 +0000 2022,-76.069946,36.8025415,@blind_girl_dre Do you use charcoal or hickory seasoning?
1517350259525140485,Googleisyourfr,Fri Apr 22 03:51:07 +0000 2022,-86.6807375,32.576227,Anybody else got Paul Butler upsetting Jonas Sultan? ü•ä
1517350259646599168,ThePatDown,Fri Apr 22 03:51:07 +0000 2022,-119.71069449999999,39.574216500000006,"Please be ok, Poole!"
1517350260804231168,PacHS_Softball,Fri Apr 22 03:51:07 +0000 2022,-117.824049,33.810159,Pacifica lost to Kennedy 9-2 in 8 innings Thursday. The Mariners dropped to 22-4 overall and 6-1 in league.‚Ä¶ https://t.co/MNIhBjYJPP
1517350260745646084,mercyonfire,Fri Apr 22 03:51:07 +0000 2022,-118.248217,34.036681,Quick lunch in DTLA with Derek. We went to a modern  Mexican restaurant  walking distance from the new‚Ä¶ https://t.co/HqKFVptgg7
1517350262083448832,Travelteaandme,Fri Apr 22 03:51:08 +0000 2022,-119.7824645,36.786041999999995,@nitty_ot Me too!!
1517350262364643328,brent_wentworth,Fri Apr 22 03:51:08 +0000 2022,-76.50780850000001,37.090301,I really enjoyed #TheBatman
1517350263748657153,daddyfatcock21,Fri Apr 22 03:51:08 +0000 2022,-118.4119065,34.0207895,@Kar_Karrrr Holy fucken shit ü´£üòµ‚Äçüí´ü•π
1517350264847564802,MikeDaGr88,Fri Apr 22 03:51:08 +0000 2022,-97.1147705,33.2024955,@utahjazz those Orange shirts are WEAK!!!
1517350267523633158,Jayy_Crypt0,Fri Apr 22 03:51:09 +0000 2022,-85.500712,42.913149,@ashleyj9358 @OrtensBoutique Get it!!üí∞üí∞
1517350268286824453,NewOdyssey_95,Fri Apr 22 03:51:09 +0000 2022,-111.8808735,33.282450499999996,Bruhhhh this was the funniest scene! I‚Äôm mad they used it for this situation but that‚Äôs funny af!! ü§£ü§£üíÄüíÄüíÄüíÄ
1517350268152725504,macandpat,Fri Apr 22 03:51:09 +0000 2022,-96.963697,33.184695,@kari_brittany88 Welcome dear! Here is my throw back picture at 19. https://t.co/2aaoBkYjo3
1517350268932804608,SKCFDispatches,Fri Apr 22 03:51:09 +0000 2022,-122.31232563,47.38103163,"ü´Å üöíDISPATCH: CPR Response - Fire Only @ 1654 S 246TH PL, DES MOINES.Responding Dept: South KingUnit(s): E345, E‚Ä¶ https://t.co/mTWpCj0mty"
1517350269402628096,Schmidt53__,Fri Apr 22 03:51:09 +0000 2022,-95.445729,32.16793,Luka-less Mavs are up 2-1 and Luka gets two more days rest. https://t.co/lVYstsN8cJ
1517350270514118657,Real_Deal_CNeal,Fri Apr 22 03:51:10 +0000 2022,-87.2029615,30.521057,@nfgrockerdude @infogolfgearbox @TarantoAnthony You are the worst by Twitter standards haha. I 100% get the why but‚Ä¶ https://t.co/zjBPHUOHIO
1517350270614876160,ThomasBentonSC,Fri Apr 22 03:51:10 +0000 2022,-80.045939,32.914424499999996,@MarineNamedToby @Scott_Haefs I had to lol at this one.
1517350273781354496,HUGGINGMELLO,Fri Apr 22 03:51:10 +0000 2022,-123.3583795,48.4267305,@djgoofywhitekid @Mewmerz I recently had a cat that used to hold my finger and thumb in his paws.
1517350274846773254,Hurrican3Carter,Fri Apr 22 03:51:11 +0000 2022,-104.92209349999999,39.713563,Nuggets don‚Äôt got the horses
1517350275438108675,stuporfly,Fri Apr 22 03:51:11 +0000 2022,-122.2286855,37.791994,"Fine, I‚Äôll take you to Funky Town. Just please stop asking."
1517350276792872960,Ballin4Denver,Fri Apr 22 03:51:11 +0000 2022,-104.92209349999999,39.713563,Ain‚Äôt nobody deserves the MVP more than Jokic. This man does it all
1517350277225009156,runnergirl1211,Fri Apr 22 03:51:11 +0000 2022,-71.4356815,42.305097,üëçüëèü§£üòÖüòÇüòµ‚Äçüí´ ‚Ä¶ God help you all! üò≥üôèüèªüòâ    üÜò‚òéÔ∏èüôèüèªüá∫üá∏üó≥
1517350277338308608,thekiiddddd,Fri Apr 22 03:51:11 +0000 2022,-77.0143985,38.898602999999994,Mike Conley assist with 20 seconds left really costing me $250 smh
1517350278177034240,tpgotgame,Fri Apr 22 03:51:11 +0000 2022,-122.4922635,37.8583125,@mahmood_studios The matchups NEVER workout lol
1517350279519252480,TurtletaubQ,Fri Apr 22 03:51:12 +0000 2022,-122.3673775,37.5861125,Earl Grey
1517350280186281984,DCCarolinaClub,Fri Apr 22 03:51:12 +0000 2022,-77.0143985,38.898602999999994,Carolina @uncwlax is pretty dam good‚ÄºÔ∏è A phenomenal program üêèü•ç
1517350280433647616,kailin99,Fri Apr 22 03:51:12 +0000 2022,-73.51111111,40.72444444,Been waiting 6 mths to have it back!  Don‚Äôt have full set up yet but could not resist jumping in the first night wa‚Ä¶ https://t.co/8RsAfMlhK7
1517350281666777089,internetmich,Fri Apr 22 03:51:12 +0000 2022,-73.9487755,40.655138,I like being soft it‚Äôs nice
1517350283243884544,gage_boles18,Fri Apr 22 03:51:13 +0000 2022,-97.551635,30.534781,@MLS fans what city would you recommend me travel long to for a game: Seattle or Nashville?
1517350289094987782,_awinter,Fri Apr 22 03:51:14 +0000 2022,-96.87995749999999,32.924548,someone tell the @utahjazz to ‚ÄòTake Note‚Äô .. you‚Äôre getting booed out your home gym.
1517350289518612481,JaysRetroTV,Fri Apr 22 03:51:14 +0000 2022,-97.47742600000001,25.9721055,@CaptainOatsTV @lyndonSG Great Show after the ppv! Keep it up!
1517350289610846208,pomopam,Fri Apr 22 03:51:14 +0000 2022,-77.60468399999999,41.1179365,@RecordsAndMusic @aimeemann @keswicktheatre @richardblade @LoriMajewski @SluggoDoug @goodymade @AlanHunterMTV‚Ä¶ https://t.co/8FuAY1Gtcu
1517350290114195457,babybucket,Fri Apr 22 03:51:14 +0000 2022,-92.1123075,30.2395025,Who decided all pokemon would lay eggs? Like some are so painfully mammalian. Could you see Arcanine laying an egg?! Meowth?! Snorlax!?
1517350290445553666,GrnEyedBandit7,Fri Apr 22 03:51:14 +0000 2022,-96.69093699999999,32.9644845,@JeyRamone yes ma‚Äôam
1517350290512568326,ImpatienTourist,Fri Apr 22 03:51:14 +0000 2022,-79.2725695,43.629311,So. Every time I bet on someone they gonna get injured because wtf?
1517350290592190465,nejsnave,Fri Apr 22 03:51:14 +0000 2022,-79.2725695,43.629311,@Soplet @ellulie_ @DavidCalnitsky but i think you'd need to go beyond that too. you really need an entire ecosystem‚Ä¶ https://t.co/vpmhGDDxOn
1517350290831327233,Twisted_Pickls,Fri Apr 22 03:51:14 +0000 2022,-82.8349015,27.937634,@HoldfastHomie @gen_desperado But but‚Ä¶ it‚Äôs only a 3 year difference üòÇ how people just do confidently type out 35 a‚Ä¶ https://t.co/iw0FsOPU0X
1517350290542018562,SoFar_FLETCHed,Fri Apr 22 03:51:14 +0000 2022,-86.6807375,32.576227,A Harry Potter wand ü•¥ https://t.co/FVZBx9WSQp
1517350292236476416,RicoMonaco,Fri Apr 22 03:51:15 +0000 2022,-81.42131686,28.50866778,Ricmon Music School Showcase 04-23-22 at Discount Music Center Orlando FL. 1 to 4 pm. https://t.co/hI7jLfzoNy.‚Ä¶ https://t.co/7MAscU0JbQ
1517350293087870976,penacolada2293,Fri Apr 22 03:51:15 +0000 2022,-95.17400599999999,30.154423,@neoafromexicanx a stunning movie that will leave you feeling very introspective.
1517350293138251777,Christian_J_D_M,Fri Apr 22 03:51:15 +0000 2022,-73.438608,40.678492,@Woodshed_1914 @Knickanators @KnicksBig15 @AJTheManChild @Rick__War @eepdllc @rahmmagick @EdMemphisPimpin @MindNy77‚Ä¶ https://t.co/LSxiQ76wgo
1517350294509740034,_maniirenee,Fri Apr 22 03:51:15 +0000 2022,-91.107974,30.499771000000003,until your 2 friends move back home üíî
1517350295285628928,hardlee73,Fri Apr 22 03:51:16 +0000 2022,-122.630908,45.536402,@Merritt4Oregon @slimjim33_33 I thought they'd both be lousy and...I WAS RIGHT.
1517350295537426434,2_words_1finger,Fri Apr 22 03:51:16 +0000 2022,-95.44648649999999,29.838495,"When you single you have days where you are single, single single, single single single single, and got damn I‚Äôm mf‚Ä¶ https://t.co/cKt0YT4l80"
1517350295239491584,CoreyTheeVoice,Fri Apr 22 03:51:16 +0000 2022,-118.4119065,34.0207895,Man bring on the Suns!!!!! #MFFL https://t.co/q7790dU1dA
1517350295973507072,AnnaDelAire,Fri Apr 22 03:51:16 +0000 2022,-122.29648850000001,47.442583,@osolopez Derek is dead...
1517350297500327941,semi_social_pod,Fri Apr 22 03:51:16 +0000 2022,-82.985772,39.9946835,Okay Aaron Gordon‚Ä¶out here playing like 35 year-old Vince Carter!
1517350297831682051,dosesof_zaina,Fri Apr 22 03:51:16 +0000 2022,-83.1738665,32.6782075,Me not giving a fuck about what this man is doing and who he is with is refreshing ‚ú®
1517350299526127616,Khaee__,Fri Apr 22 03:51:17 +0000 2022,-83.1738665,32.6782075,Moving out my house (again)  in a couple of days  n moving into an apartment‚Ä¶ i can‚Äôt wait to have my own for once
1517350300209795072,BertFulks,Fri Apr 22 03:51:17 +0000 2022,-82.4398345,38.407664,"Great rehearsal tonight!  Cruise Avenue coming at you with tons of originals, standards,  and reimagined classics! https://t.co/Qsi5Bo0fss"
1517350300385906688,ashleynicholeNW,Fri Apr 22 03:51:17 +0000 2022,-122.3306025,47.614817,IM ABOUT TI FIGHT SOME JUSTIN BEIBER ASS LOSER WHO TOOK A FOUL BALL FROM SOME ASIAN BABIESüò§üò§üò§üò§üò§üò§
1517350302030118912,mr_born2lose,Fri Apr 22 03:51:17 +0000 2022,-95.5398525,30.181251500000002,friendship is the only bday gift I need ig ü•πü´†
1517350302910795778,jennithh,Fri Apr 22 03:51:17 +0000 2022,-119.7824645,36.786041999999995,i want like so bad ü•π
1517350302692823044,TheOneChameleo1,Fri Apr 22 03:51:17 +0000 2022,-84.433106,33.7671945,@bleudawn7 I'm almost as bad a one of the dogs... https://t.co/MOda6zCGxK
1517350303913459714,eloiseruth23,Fri Apr 22 03:51:18 +0000 2022,-75.5447585,42.8267985,it‚Äôs not a wolf inside me it‚Äôs a shitzu that won‚Äôt stop barking https://t.co/axOUMTbRLm
1517350305683320832,duckpoultry,Fri Apr 22 03:51:18 +0000 2022,-122.8718135,45.491334,"https://t.co/jFVUNphikv turns out jareth did, in fact, have some power over me"
1517350305888882691,goooeydisk,Fri Apr 22 03:51:18 +0000 2022,-75.77004099999999,42.746617,@nio_ant0 no if i remember correctly youre the only 15 year old i follow so incorrect
1517350306249588738,Makyle_Ice,Fri Apr 22 03:51:18 +0000 2022,-75.117998,40.0048655,Go to hell
1517350307545722881,THEAdrianPearce,Fri Apr 22 03:51:18 +0000 2022,-95.44648649999999,29.838495,This so random üòÇüòÇ
1517350308615139328,GrantMc41538627,Fri Apr 22 03:51:19 +0000 2022,-111.73119349999999,32.925568999999996,Talent
1517350309605126144,FingyBungo,Fri Apr 22 03:51:19 +0000 2022,-73.940964,40.705747,I think you‚Äôve been lied to
1517350310083121152,darqueos,Fri Apr 22 03:51:19 +0000 2022,-123.123581,49.257639,@sdw @Stammy App Clips ‚ÄúQR‚Äù codes are amazing! Maybe Apple will increase the scope to the entire App Store someday.‚Ä¶ https://t.co/H9HyZtr6jJ
1517350310573842432,anaschmana,Fri Apr 22 03:51:19 +0000 2022,-118.4119065,34.0207895,@PrezLives2022 @XavierResists @slingsingapore @ResistMonsters @DoctorM_DO @BrownEyedGirl33 @arches_fallen‚Ä¶ https://t.co/2IY73K6WzA
1517350311806922752,AmberWendi,Fri Apr 22 03:51:19 +0000 2022,-121.9552285,37.280837000000005,#GilroyGarlicFestival CANCELED INDEFINITELY!!! #Gilroy #California https://t.co/OIMozbze4T
1517350312268513280,dylandreaming,Fri Apr 22 03:51:20 +0000 2022,-70.7811575,42.097699500000004,it was a 4 scoops kinda night üç¶
1517350312260128768,zadddy_s,Fri Apr 22 03:51:20 +0000 2022,-96.961483,32.863917,yall want fat asses and i‚Äôll kill for a flat stomach w/ a slim waist rn
1517350312675143681,Beastmode_36089,Fri Apr 22 03:51:20 +0000 2022,-122.5889745,45.630589,I wonder what my soulmate doing rn
1517350314726215680,ef___________,Fri Apr 22 03:51:20 +0000 2022,-119.30660750000001,37.2691755,@rj175BURNER They are itchin https://t.co/TKQBSNVEMf
1517350316202680320,AlexisDenommexo,Fri Apr 22 03:51:21 +0000 2022,-86.64779250000001,36.471311,Having postpartum feels like being POSSESSED
1517350316286484481,xogina,Fri Apr 22 03:51:21 +0000 2022,-104.949845,39.9054745,Lonely star
1517350316789972992,Pheg90mn3,Fri Apr 22 03:51:21 +0000 2022,-93.160397,44.454353,"@MaryBlyeKramer It's a human rights question. My parents, and those like them, do not believe that people who fail‚Ä¶ https://t.co/IUMgU4FenB"
1517350317230366722,Danno2430,Fri Apr 22 03:51:21 +0000 2022,-73.9487755,40.655138,2021-22 New York Rangers stations of the cross:1) georgiev is condemned by the ‚Äúfans‚Äù 2) the rangers take up 6 a‚Ä¶ https://t.co/1pKeRSa7Qt
1517350317842735104,playbabytink,Fri Apr 22 03:51:21 +0000 2022,-80.926628,33.6311395,the closer mother nature comes the hornier i get i hate it here üòÇüôÑüò≠
1517350320975790080,vladjean8,Fri Apr 22 03:51:22 +0000 2022,-71.4218325,41.817084,"I don‚Äôt often but when I do, I do it"
1517350321130860544,neal_cfneal9,Fri Apr 22 03:51:22 +0000 2022,-121.3820915,38.4215345,@TMPartnerships @TaylorMadeMark @pshelton8 @jtaylor8276 @acbernotas @molly_hyer Extremely jealous with love üíï my bu‚Ä¶ https://t.co/EoLPb6D236
1517350320501936130,RiZzY919,Fri Apr 22 03:51:22 +0000 2022,-78.657837,35.8439815,When The Tickets sell out but I still finesse  too watch and support üòÇüí™üèæ @lildurk  @060Loyal https://t.co/qAWUyLfRr1
1517350321822986240,Emilnem,Fri Apr 22 03:51:22 +0000 2022,-121.945574,36.587838,@ToneFernSports @joeyjaws Then Joey probably knew lol but I didn‚Äôt! So thank you!
1517350322112536577,SSN_Cowboys,Fri Apr 22 03:51:22 +0000 2022,-97.1356375,32.70185,Mavs win!!!#MFFL
1517350322217242624,Amerbeauty,Fri Apr 22 03:51:22 +0000 2022,-118.2445,34.0564,Planning A Girls WeekendüçæüéÇüéä #shophere #plussizevixens #plussizestyle #plussizebabe #igers #neworleansboutique‚Ä¶ https://t.co/YCil7uYdXC
1517350323844747264,justapunk_kid,Fri Apr 22 03:51:22 +0000 2022,-94.5592815,39.1000485,Kansas city is FUCKING WEIRD BRO
1517350324377427968,JanaHer07839111,Fri Apr 22 03:51:22 +0000 2022,-97.1356375,32.70185,She is ready!!! Next Level Elite #nextlevelelite @Ohio_Basketball #lonestarchampionship https://t.co/Or2wKf4zKw
1517350325446791168,Theaologies,Fri Apr 22 03:51:23 +0000 2022,-118.4119065,34.0207895,I‚Äôve been home since 6 and our neighbors dog has been barking the WHOLE time
1517350326508027904,jhallito,Fri Apr 22 03:51:23 +0000 2022,-119.30660750000001,37.2691755,"Dallas hasn‚Äôt won a game in Utah in 6 years. But they win one in the playoffs, without Luka. That‚Äôs just inexcusable."
1517350326390575105,StevenVsPharma,Fri Apr 22 03:51:23 +0000 2022,-118.4119065,34.0207895,Me watching the Disney lobbyist in DC and FL getting ready to show DeSantis what the fuck is up. https://t.co/rdGvipPobT
1517350327271493632,tx_alita,Fri Apr 22 03:51:23 +0000 2022,-96.7617535,32.819858499999995,@DallasDeBruyne WHERE WAS YOU ATTTTT lmao
1517350328387178496,jsemedo5,Fri Apr 22 03:51:23 +0000 2022,-71.365789,41.888592,Make a 3 man cmon
1517350329150492673,aratisingh,Fri Apr 22 03:51:24 +0000 2022,-97.754724,30.323345500000002,Thanks to everyone who showed up‚Äîover 50 PTA and community members from every corner of the district! Thank you CFO‚Ä¶ https://t.co/JYs24aUViG
1517350329838358528,clifford4five6,Fri Apr 22 03:51:24 +0000 2022,-78.3515335,43.8756855,@ANotoriousPIG @DetHippieChick Who's laughing?
1517350330643668992,VoteOmarNarvaez,Fri Apr 22 03:51:24 +0000 2022,-87.732013,41.8335845,And that ladies and gentlemen is how the @dallasmavs throw üëáüèΩüëáüèΩüëáüèΩ #MFFL #PLAYOFFS2022
1517350331243327493,townbrad,Fri Apr 22 03:51:24 +0000 2022,-111.91702599999999,40.765805,"Mavs coaches gather for usual postgame huddle. A couple of high-fives, but otherwise subdued. https://t.co/dKCpXNSbPX"
1517350332594020355,Gothspiiice,Fri Apr 22 03:51:24 +0000 2022,-73.8494415,40.8503475,"tried SO HARD TO NOT pick the scabs on my face so i don‚Äôt get any scars but alas, i was too weak. but it feels so g‚Ä¶ https://t.co/LNGltLdm0z"
1517350333026082816,JoanofArcKY6,Fri Apr 22 03:51:25 +0000 2022,-85.7682405,37.822244,@MysterySolvent Corpse funk (thank @TheRickWilson for this name)
1517350333940256768,TravisBelair,Fri Apr 22 03:51:25 +0000 2022,-122.360053,40.5539945,@SoCalStrtHockey @0xArjay @Tesla @BryanLegendCEO @safuuprotocol What can I say.  I‚Äôm a softy!
1517350334351523840,Superfan_K,Fri Apr 22 03:51:25 +0000 2022,-86.1429225,39.7795625,Shameless.
1517350335366385666,DavidSFV93,Fri Apr 22 03:51:25 +0000 2022,-118.4360085,34.2889865,@FreddyDrizzy we gonna learn this album word for word .
1517350336016490502,ToriMasonTV,Fri Apr 22 03:51:25 +0000 2022,-104.92209349999999,39.713563,Haters will blame it on the altitude
1517350338134564864,Rbenavides1991,Fri Apr 22 03:51:26 +0000 2022,-122.0238405,37.378397,I wish I had @KlayThompson shot. It‚Äôs so beautiful üòç
1517350338503790592,Butter72035882,Fri Apr 22 03:51:26 +0000 2022,-87.732013,41.8335845,@maleon_author Family
1517350338365464586,The_Breeze53,Fri Apr 22 03:51:26 +0000 2022,-86.6807375,32.576227,"üòèHot DAMN! I‚Äôm just 3 followers short of 400!!! Well, I‚Äôm not sure any of you really‚Äôfollow‚Äô, or even read, my driv‚Ä¶ https://t.co/HyM0FsLTaR"
1517350339103576066,spicyblanco,Fri Apr 22 03:51:26 +0000 2022,-87.732013,41.8335845,@fxgotron69 not me ü´£ https://t.co/ZYP9a74Icm
1517350340877815808,robogreen,Fri Apr 22 03:51:26 +0000 2022,-73.9685415,40.780709,"@rumpfshaker This assertion, that the irs targeted tea party groups, either exclusively or perniciously, is false.‚Ä¶ https://t.co/VJlGdrNMnR"
1517350341162930177,1keenanhall,Fri Apr 22 03:51:26 +0000 2022,-117.104989,32.810012,STOP TURNING THE F'N BALL OVER!!! #DubNation
1517350341636812800,Abigail_Hope_,Fri Apr 22 03:51:27 +0000 2022,-121.9552285,37.280837000000005,These last few minutes have been excruciating with injuries. Make it stop!
1517350342039588864,veamam,Fri Apr 22 03:51:27 +0000 2022,-79.42086499999999,38.003375500000004,@RS917T @Breanna_JH @JayleneM_ @TanyaOkonkwo @HartThierry @Amy__Smith1 @Ang_Rutherford1 @404girl Go Rob!
1517350342588989441,MWash90,Fri Apr 22 03:51:27 +0000 2022,-118.3210685,46.064640499999996,Joe Buck‚Äôs ill-fated hair plugs lasted longer than CNN+
1517350342563876865,tankgrrll74baby,Fri Apr 22 03:51:27 +0000 2022,-97.4060975,31.1104765,Hes so tall and fine as hell! #WORLDWIDEHANDSOME https://t.co/gTVTzjjqqT
1517350343721558016,sgtangry185,Fri Apr 22 03:51:27 +0000 2022,-95.6907325,39.037579,@SwPrayer Amen üôè
1517350343990030336,ReignBellas,Fri Apr 22 03:51:27 +0000 2022,-97.28591349999999,32.7799665,My pussy wet af right now. ü¶Çüí¶
1517350346393374721,Guut88,Fri Apr 22 03:51:28 +0000 2022,-84.39706749999999,39.20351,Huge Klay shot
1517350347714531328,TreyTheTrashman,Fri Apr 22 03:51:28 +0000 2022,-76.81407150000001,39.094586500000005,"@king_michaud_ appreciate it, you got sick pieces to ü•¥"
1517350348536614912,sshnessb,Fri Apr 22 03:51:28 +0000 2022,-98.5406515,29.417501,The Taco Bell hot sauce packages are all so sad ‚Ä¶ good job Mavs!!! https://t.co/Mu8KFDf3pn
1517350349346160642,harriekd,Fri Apr 22 03:51:28 +0000 2022,-87.732013,41.8335845,@lifesafeast And support for LGBTQ+ rights
1517350348997935105,bsanta101,Fri Apr 22 03:51:28 +0000 2022,-88.3429735,42.1922575,@discover_PR #SandHasslesSweepstakes   all my worries are left at home!!! https://t.co/Fu9R8BUiHQ
1517350351330058240,Jeezyvega,Fri Apr 22 03:51:29 +0000 2022,-106.4174305,31.793368,"My problem with that Mike Tyson video is that even though he got a couple hits on that dude, I still don‚Äôt feel he‚Ä¶ https://t.co/R8tyUTIubN"
1517350352336609281,Flan3D,Fri Apr 22 03:51:29 +0000 2022,-79.42086499999999,38.003375500000004,"@H_Forch My favorite look, but kilted &amp; I swoon ‚ù§Ô∏è‚Äçüî•üòç"
1517350352760147968,WoodenCyclops,Fri Apr 22 03:51:29 +0000 2022,-122.630908,45.536402,@brianromero @DegeneracyNFT Killed it man!!!
1517350354383372288,Emilnem,Fri Apr 22 03:51:30 +0000 2022,-121.945574,36.587838,@SaraCivian Right? Lol
1517350358179192832,scodtt,Fri Apr 22 03:51:31 +0000 2022,-104.92209349999999,39.713563,"@iBikeCommute This is exactly right. If this happened with roads for cars it would be scandalous. We'd see ""Road to Nowhere"" headlines."
1517350357529206784,GPShoops806,Fri Apr 22 03:51:30 +0000 2022,-101.89717300000001,33.5705265,Catch All State 6A forward @TracyGodfrey17 at the @TexasHoopsGASO this weekend. 6'6 215 Forward does everything on‚Ä¶ https://t.co/SkYTpWDOuq
1517350359051644928,Around_Seattle,Fri Apr 22 03:51:31 +0000 2022,-122.3306025,47.614817,"@bfpwpodcast @Mariners And the pulled pork sandwich, but a little advisement, don't order it when it's windy like t‚Ä¶ https://t.co/tplTTNfRVA"
1517350359559286784,remymichaels,Fri Apr 22 03:51:31 +0000 2022,-84.74764049999999,49.2643635,"""NORTHERN FRIENDS"" https://t.co/Uoc5BFdt1I #CanadianGeographic #NationalGeographic #AlgonquinPark #Moose #Twins‚Ä¶ https://t.co/XCYEN8acxY"
1517350361639575569,Immortan_Pete,Fri Apr 22 03:51:31 +0000 2022,-73.9685415,40.780709,@Molson_Hart @berkie1 Better transportation. Boston supposedly the worst. So many areas around NYC to commute from.
1517350362377691140,BlueChele,Fri Apr 22 03:51:32 +0000 2022,-120.882482,47.273022,@pattonoswalt @JewishResister What could the link be?
1517350362839142403,RalstonAlec,Fri Apr 22 03:51:32 +0000 2022,-71.0887125,42.3136695,@nikola_burner @EmbiidsBurner_ @Prez215 Yes it is. I‚Äôm watching the game jokic refuses to step out on 3s
1517350363212521473,tuanies,Fri Apr 22 03:51:32 +0000 2022,-71.0887125,42.3136695,We have an excellent Discord community and Bryce is an awesome dude.
1517350364269342720,lover_lexis,Fri Apr 22 03:51:32 +0000 2022,-111.928142,33.392883999999995,Seriously tho üíÄüòÇ
1517350364428726272,MarsellusDurden,Fri Apr 22 03:51:32 +0000 2022,-121.89095,37.409999,üòÖ I am going to see The Northman this weekend but‚Ä¶ https://t.co/vvLBAl3RXn
1517350365028569094,belightcandleco,Fri Apr 22 03:51:32 +0000 2022,-111.883,40.75,Double process throwback thursday! What colors do you guys want to see out in the world &amp; in people‚Äôs hair?Firs‚Ä¶ https://t.co/SJ10lxw2Qd
1517350365292761089,cathiebun,Fri Apr 22 03:51:32 +0000 2022,-117.0226945,38.502147,"@TasteyCat Here it is, Linx!! #chilltent https://t.co/TPbMTZ0VSt"
1517350365447999493,WETHEKINGDOM888,Fri Apr 22 03:51:32 +0000 2022,-81.83252,36.012218,Nunes gives MAJOR update on Truth Socialhttps://t.co/GYLg5WxsOV https://t.co/tEbyxPNyBJ
1517350371856891904,TheSarahAlonzo,Fri Apr 22 03:51:34 +0000 2022,-96.7617535,32.819858499999995,TAKE NOTE #MFFL
1517350372339240960,ClydeD38887931,Fri Apr 22 03:51:34 +0000 2022,-86.27053950000001,45.001180000000005,@Abdulga13837433 Wow üëÄ sweetheart Mmmm‚ù§Ô∏è‚Äçüî•‚ù§Ô∏è‚Äçüî•‚ù§Ô∏è‚Äçüî•üòçüòçüòç
1517350373178097666,GeekyB,Fri Apr 22 03:51:34 +0000 2022,-77.0143985,38.898602999999994,"The C stands for Cool Breeze who's known as the champFreddy Calhoun, the coolest cutta at campAy, my one's and my‚Ä¶ https://t.co/po6mrTaXqE"
1517350374264377344,jballew_horns26,Fri Apr 22 03:51:34 +0000 2022,-96.7311425,43.5410145,Mavs are cooking!! #MFFL
1517350374704832512,Hys3x,Fri Apr 22 03:51:34 +0000 2022,-79.85736349999999,36.090396999999996,next episode of snowfall gone have me franklin and leon in the octagon wit louie jerome and teddy
1517350375086600203,QueenofHoop,Fri Apr 22 03:51:35 +0000 2022,-101.816092,35.2111155,Brunson was the high scorer but Dinwiddie was absolutely the difference make‚Ä¶‚Ä¶love it even as a spurs fan
1517350375011102721,CoachLAlmaraz,Fri Apr 22 03:51:35 +0000 2022,-100.0768885,31.1688935,4x100 AREA CHAMPS ü•á                üö®üö®46.75üö®üö®
1517350375489216512,DONVAD3R,Fri Apr 22 03:51:35 +0000 2022,-96.961483,32.863917,Good...sh*t....Mavs!!!!#mffl
1517350376776912896,AdamKinnaman,Fri Apr 22 03:51:35 +0000 2022,-86.791549,36.200008,@peterchrisp4 @CivilWarTrails I get excited about every new to me @CivilWarTrails sign!
1517350376176947201,RealChrisPoetic,Fri Apr 22 03:51:35 +0000 2022,-118.339684,34.101645,Summer 22 Mines üèÜ #Hollywood https://t.co/W9Jkzvd9tA
1517350377410211841,ChathamTodd,Fri Apr 22 03:51:35 +0000 2022,-77.2369685,38.8051145,@MarlenaVet Why wait. If you wait you may miss out entirely on what could change your life.
1517350377666011147,nikkilovee12,Fri Apr 22 03:51:35 +0000 2022,-95.44648649999999,29.838495,I can attest to this is NOT a great idea. These are deadly. I had 2 1/2 and I don‚Äôt even remember the ending of the‚Ä¶ https://t.co/A2jC9R0VNn
1517350381298143232,stevemeier853,Fri Apr 22 03:51:36 +0000 2022,-122.0238405,37.378397,"@Tazerface16 Tesla DOJO is a specialized supercomputer, designed with custom IC's.  Comprised of compute units, mas‚Ä¶ https://t.co/01TQfGHjUZ"
1517350383861043200,BobMemdez,Fri Apr 22 03:51:37 +0000 2022,-85.7682405,37.822244,@AaronParnas Ron is an angry person.....need to find the root of his anger. Someone  needs to expose  him.
1517350383978491904,SixZzshOtRipZz,Fri Apr 22 03:51:37 +0000 2022,-80.926628,33.6311395,@JediahXL Wrestle+ is a completely different tool. I think you guys thought caketools did something completely diff‚Ä¶ https://t.co/Z642zSEDzR
1517350384427282432,kimmie_c_,Fri Apr 22 03:51:37 +0000 2022,-85.9785995,35.8305215,I'm totally bragging! I talked to @samannraven on the phone tonight! ü•∞‚ù§
1517350386071490560,angelicaweb2015,Fri Apr 22 03:51:37 +0000 2022,-98.5406515,29.417501,@tyDi I hope she has a fast recovery üôèüèΩ.
1517350386415374337,BlackMaxPhotoBC,Fri Apr 22 03:51:37 +0000 2022,-86.24472850000001,32.364145,"@slutgIory ... send me the address, be right there"
1517350390307688448,KRIMINALISM,Fri Apr 22 03:51:38 +0000 2022,-77.65433949999999,39.9340275,3:15 wake-up. Gn üò¥üíÄ https://t.co/oWcWZwcwHX
1517350391377055744,piangfa,Fri Apr 22 03:51:38 +0000 2022,-122.4922635,37.8583125,"üåø you, yourself must know when to stop. Self control is power. üëä #monkFah #ThinkLikeAMonk üôèüèΩ"
1517350391930781696,RobertPetrocel2,Fri Apr 22 03:51:39 +0000 2022,-118.4119065,34.0207895,@me_teaor Catullus is my favorite Roman poet.  Half his poems are scathing attacks on Roman politicians (like this‚Ä¶ https://t.co/vBp3Dvw4dK
1517350393205997573,KylitRen,Fri Apr 22 03:51:39 +0000 2022,-83.9638415,35.9824705,@Less_HumbleTeej Donovan should've came to the Knicks
1517350393646264320,SportsHackCA,Fri Apr 22 03:51:39 +0000 2022,-122.0404295,37.8936665,Move ball.Move players.Score ez...
1517350395298865153,KingSeun3,Fri Apr 22 03:51:39 +0000 2022,-95.44648649999999,29.838495,Jazz is a very unserious team Mavs winning the series could give lakers coach SynderüòÇ
1517350395340808192,amybarnes_usa,Fri Apr 22 03:51:39 +0000 2022,-83.1738665,32.6782075,@CWolfe76 I dump my collections in my yard. It's how I have such amazingly green grass every winter. ü§´
1517350395512647680,VGKfan17,Fri Apr 22 03:51:39 +0000 2022,-115.038337,36.006256,The Stars went down in Flames on their Canadian road trip. 0-3-0.
1517350395823149056,lil3ric88,Fri Apr 22 03:51:40 +0000 2022,-96.29164850000001,30.585471499999997,Jason Kidd is COTY #mffl
1517350397572259840,megan_strother,Fri Apr 22 03:51:40 +0000 2022,-92.13127399999999,34.7519365,"I‚Äôm easier to love now, right?"
1517350398251646976,LaurenceTobias1,Fri Apr 22 03:51:40 +0000 2022,-73.554097,41.0983345,@GinnyMcDonald8 My 5 year old granddaughter paints better!
1517350399660933120,JahmalKennedy,Fri Apr 22 03:51:40 +0000 2022,-86.24472850000001,32.364145,Story link on @wsfa12news: https://t.co/mmbJSamOTU
1517350399618953216,BurnerDff,Fri Apr 22 03:51:40 +0000 2022,-122.3306025,47.614817,Blowing teams up is the dumbest thing to ever start.
1517350399975559168,meelar,Fri Apr 22 03:51:41 +0000 2022,-73.8311875,40.6708795,@rylandsculllen Khanna's opposition to increasing immigration is a huge turn-off for me
1517350400252592128,Damski32,Fri Apr 22 03:51:41 +0000 2022,-79.820465,43.381395999999995,This is the content we need man. Chargers PR team killing it
1517350400394891266,jefcuraz,Fri Apr 22 03:51:41 +0000 2022,-123.92988500000001,46.1611755,God Damn right‚Ä¶@TheMikeSalk shut your mouth‚Ä¶
1517350398528344066,MickmickNYC,Fri Apr 22 03:51:40 +0000 2022,-73.9685415,40.780709,How to get Aquaman to notice you? üßê https://t.co/ZSYCofPVSG
1517350400466161664,_josiahpoole,Fri Apr 22 03:51:41 +0000 2022,-104.8866515,39.536705,"I have literally nothing booked for the month of June! if you want sick ass photos and video work, I can be availab‚Ä¶ https://t.co/DOX4TdDltl"
1517350400466165762,quis__custodiet,Fri Apr 22 03:51:41 +0000 2022,-118.42741,33.96754,0351ZN341HP CALIFORNIA HIGHWAY PATROLSquawk: 0260N33.9675 W118.4274Altitude: 675ftCourse: 199¬∫Groundspeed: 67‚Ä¶ https://t.co/dgNHNzOMRe
1517350404136308736,Jordanboy8833,Fri Apr 22 03:51:42 +0000 2022,-83.804475,27.698681999999998,Mavs Win #MFFL
1517350405306392576,movie_gal_10,Fri Apr 22 03:51:42 +0000 2022,-115.038337,36.006256,@cynd75 @BUCAntonio Yes. My dear friend Maggie dragged me to the theater üé• to watch it in 1994 when it came out.S‚Ä¶ https://t.co/z3HqCw8Emz
1517350406229266432,RoyalsSac206Fan,Fri Apr 22 03:51:42 +0000 2022,-94.5449485,37.164145500000004,@BMKCROYSCHIEFS @MLB Sadly I'd only be able to attend like three games in this case. It's not a huge deal for those‚Ä¶ https://t.co/FyVkZrT2xl
1517350407693082624,skatelyn7,Fri Apr 22 03:51:42 +0000 2022,-93.9559185,29.9015445,"to whoever drives the ugly ass straight piped Caddy and just cut me off in PA, ur dick is small"
1517350409018486785,TNTMarcia,Fri Apr 22 03:51:43 +0000 2022,-77.425155,38.878707500000004,"@BossesMemphis @JasonIsbell Fuck what y'all say, I fuckin miss this dude!"
1517350409807056899,Bre_nyeeezie,Fri Apr 22 03:51:43 +0000 2022,-83.574671,41.65659049999999,I hate repeating myself
1517350410872397826,GreggMadyson,Fri Apr 22 03:51:43 +0000 2022,-97.844068,30.086298999999997,No caption https://t.co/202VDcwc2c
1517350412994625536,HoodFoot418,Fri Apr 22 03:51:44 +0000 2022,-86.1429225,39.7795625,@IamJeffreyJohn @gjw34 @ParadigmProWres @SaturnCameron I say book Dan Severn v JJ
1517350414097817600,poopiestpants,Fri Apr 22 03:51:44 +0000 2022,-97.754724,30.323345500000002,@pootaetae That‚Äôs what she said
1517350414521352227,BurnerJalen,Fri Apr 22 03:51:44 +0000 2022,-96.29164850000001,30.585471499999997,mavs? pretty good basketball team.
1517350415293194247,DCHomos,Fri Apr 22 03:51:44 +0000 2022,-77.0143985,38.898602999999994,I think my building is on fire lol@brb
1517350415213334528,MarvinIsNotDyin,Fri Apr 22 03:51:44 +0000 2022,-112.12467649999999,33.5528625,@Cynthia77605444 The matriarch has a lot of responsibility.  Some days I don't feel too positive. üòÖ
1517350416543064065,rel77texas,Fri Apr 22 03:51:44 +0000 2022,-100.0768885,31.1688935,"@scottf6f @EileenMarieSar1 Not unless he has documentation, pictures and video."
1517350418862559232,AssaniLoc2,Fri Apr 22 03:51:45 +0000 2022,-71.9555325,45.412628999999995,This teamüòµ‚Äçüí´
1517350419424497666,JordanHMichael,Fri Apr 22 03:51:45 +0000 2022,-89.963059,29.947023,Need Jeff Green to splash a 3
1517350420343050240,mr_posh_lips,Fri Apr 22 03:51:45 +0000 2022,-95.44648649999999,29.838495,"Lies cause it‚Äôs definitely a gemini ‚ôäÔ∏è, cancer ‚ôãÔ∏è and scorpio ‚ôèÔ∏è If you‚Äôre one of those signs feel attacked feel‚Ä¶ https://t.co/xetjzYb7VU"
1517350421613920256,DickSoSpanish,Fri Apr 22 03:51:46 +0000 2022,-95.44648649999999,29.838495,@glitterbeardx I always say that!
1517350422104756226,almighty_red,Fri Apr 22 03:51:46 +0000 2022,-80.2333285,25.7823535,this is the new NYC. (post-pandemic).
1517350423773908992,7hills_Life,Fri Apr 22 03:51:46 +0000 2022,-117.366128,33.8730885,"@_MatthewThomp Holy crap, better than my day..congratulations‚Ä¶ü§£ü§ì‚úåüèΩ"
1517350424595943424,odingamingco,Fri Apr 22 03:51:46 +0000 2022,-117.104989,32.810012,@earceojr See you this weekend #TimeToShine https://t.co/SDgFFqqhzg
1517350424923172864,kiasuchick,Fri Apr 22 03:51:46 +0000 2022,-118.13196400000001,34.17731,"Sounds the same as Rodan &amp; Fields, the baseball wives MLM. https://t.co/7hU1FeVbcy"
1517350425619361792,BDaveWalters,Fri Apr 22 03:51:47 +0000 2022,-118.325145,34.182159999999996,Happy birthday @16BitEric! https://t.co/2r94EQpQwq
1517350426378711043,JGaryBotts,Fri Apr 22 03:51:47 +0000 2022,-83.9638415,35.9824705,"@disclosetv Oh, fuck him."
1517350427276185600,mikenzie_alcott,Fri Apr 22 03:51:47 +0000 2022,-110.7116175,35.0168175,Too bad I was allergic to it üòÆ‚Äçüí®üòÇ
1517350427636994053,djocelyynn,Fri Apr 22 03:51:47 +0000 2022,-86.791549,36.200008,"almost cried seeing taylor‚Äôs tour bus, many well deserved plaques, &amp; lady A hall of fame star https://t.co/wZy4rGTGmN"
1517350428903575553,bPardini10,Fri Apr 22 03:51:47 +0000 2022,-121.87903299999999,36.596299,@ParMeDown @MattDrury559 Ordered
1517350430157807621,lsteed08,Fri Apr 22 03:51:48 +0000 2022,-84.266174,30.476215500000002,@brentfarrar @marvinfreeman84 6‚Äô1‚Äù 250lbs. Hit the next dude and talk noise to him. Not that country kidüòÇ
1517350430849839106,deutschmarine,Fri Apr 22 03:51:48 +0000 2022,-97.754724,30.323345500000002,Does Jamal Murray just not exist anymore wtf? The bubble playoff run destroyed him forever?
1517350429864054784,Brad604,Fri Apr 22 03:51:48 +0000 2022,-123.123581,49.257639,This has been my evening tonight. I don't have words because there aren't any to describe this. Just enjoy Vancouve‚Ä¶ https://t.co/hdjbaF8Cem
1517350431416061953,MajettesTrack,Fri Apr 22 03:51:48 +0000 2022,-100.3017115,47.467856999999995,@MustangsTnF @MikeNhial This was so impressive to watch live!! He‚Äôs got the tools that‚Äôs for sure!!
1517350432552546305,MorrAlexander,Fri Apr 22 03:51:48 +0000 2022,-103.663207,41.829429,"GTA5 promotes a lot of f*ggotry, encouraging you to destroy someone's hard work for peanuts because of your own failures and insecurities."
1517350433320325120,TylerSaintReal,Fri Apr 22 03:51:48 +0000 2022,-88.728421,34.264073499999995,@juicyvayaina Oh well ü§∑‚Äç‚ôÇÔ∏è
1517350433357975553,BBYGTEE,Fri Apr 22 03:51:48 +0000 2022,-93.9559185,29.9015445,y‚Äôall how tf I end up back here
1517350433622269955,AlexandriaKayle,Fri Apr 22 03:51:49 +0000 2022,-80.1491725,26.150368,Miami tomorrow üî•
1517350434641350656,TrakenTourist,Fri Apr 22 03:51:49 +0000 2022,-117.7823605,33.689732,@4SylvesterMcCoy @AndreMjoan Definitely Tom
1517350435484536833,TonyinTennessee,Fri Apr 22 03:51:49 +0000 2022,-86.2220845,35.373698000000005,@NickAdamsinUSA I have not watch a game or purchased a Professional Football product or memorabilia since they allo‚Ä¶ https://t.co/VDSOea9eef
1517350435748782080,DBurkland,Fri Apr 22 03:51:49 +0000 2022,-93.2620465,44.9706105,@Themapster1 @elonmusk Does this make me grandma?
1517350439196532738,conenor,Fri Apr 22 03:51:50 +0000 2022,-84.641254,39.1274765,Please be okay JP
1517350441545179138,yessiii_d,Fri Apr 22 03:51:50 +0000 2022,-117.851089,33.842863,all i did at disney today was eat lol.
1517350441595461633,ZackDavisson,Fri Apr 22 03:51:50 +0000 2022,-122.3306025,47.614817,@dhacker615 @jeffparker It tends to get those governments voted out of power quickly when people realize what the consequences are.
1517350441906061314,sighbrattt,Fri Apr 22 03:51:51 +0000 2022,-84.53981250000001,39.137038000000004,me and my dude arguing because I‚Äôm going outside SATURDAY üòÇ like how you already mad ? So I guess we ain‚Äôt gone be‚Ä¶ https://t.co/4SGZAorXAs
1517350444162453504,JDdaKid,Fri Apr 22 03:51:51 +0000 2022,-117.851089,33.842863,Really enjoying the show #MoonKnight !!
1517350445504733185,Cabal_Educator,Fri Apr 22 03:51:51 +0000 2022,-97.4451735,35.222301,Donate to Mallory McMorrow! https://t.co/mMgIpklu9K like I just did! She deserved a donation after that amazing speech.
1517350445773201408,digital_trav,Fri Apr 22 03:51:51 +0000 2022,-82.91621749999999,42.672326999999996,@jordylancaster They would have to change it to 30 second streaming with toobin
1517350445672452098,SamerAbukhaled,Fri Apr 22 03:51:51 +0000 2022,-87.8512035,41.604577,"I‚Äôve come to the point in my life where I‚Äôve become more gracious to those I‚Äôve crossed paths with. In spirit, I‚Äôve‚Ä¶ https://t.co/SBunjxB9QB"
1517350446301691905,tinaaabean_,Fri Apr 22 03:51:52 +0000 2022,-98.5406515,29.417501,@official_aud @_severusvape_ You are actually perfect
1517350446368657408,F_inImFunny,Fri Apr 22 03:51:52 +0000 2022,-83.72561,42.9944585,"@Enzotic7 ALLGov release Docs original on all,Trump/Obama said all we proved livestreamedüìπmy üëÄ last Thurs.must go l‚Ä¶ https://t.co/fsA96p7flr"
1517350447895687168,NinaHimes,Fri Apr 22 03:51:52 +0000 2022,-122.3306025,47.614817,Sacred geometry flower of life mandala thigh piece! https://t.co/RBzUHd9yEb
1517350449413869570,SirBrightHeart,Fri Apr 22 03:51:52 +0000 2022,-73.8494415,40.8503475,@HappyTwisted Have a safe flight!!!
1517350450130915328,lindismith,Fri Apr 22 03:51:52 +0000 2022,-117.104989,32.810012,@adamdeutsch This is where we taught our kids to street ride. Campus roads are perfect models for real life. They h‚Ä¶ https://t.co/zIR3arJCPB
1517350451640823808,missalexia__,Fri Apr 22 03:51:53 +0000 2022,-117.434547,47.667438,Work killed me this week
1517350451469074432,JBlytherTHD,Fri Apr 22 03:51:53 +0000 2022,-76.598684,39.199256,We are all ready for the weekend here at the Glen Bernie Store #2501 https://t.co/afOz13MLzg
1517350452819468290,SeattleGolden,Fri Apr 22 03:51:53 +0000 2022,-122.3306025,47.614817,Sex would be nice but I want cuddles
1517350453763313665,clingycancerian,Fri Apr 22 03:51:53 +0000 2022,-97.754724,30.323345500000002,@xxi_james Come on at least give my set a chance
1517350455013257217,ShaneMckeen1,Fri Apr 22 03:51:54 +0000 2022,-108.562922,45.7974455,@thejamiesenegal Beautiful ‚ù§Ô∏è
1517350455579492352,YoungC1902,Fri Apr 22 03:51:54 +0000 2022,-79.42086499999999,38.003375500000004,I might watch some anime tonight after I play the game
1517350456888111106,ScubaSteve3560,Fri Apr 22 03:51:54 +0000 2022,-83.804475,27.698681999999998,@ShannonBeador Good on you. You showed them girls you are not to played with. You handled that. Respect #Rhoc
1517350457307451401,Beezy_SoShady,Fri Apr 22 03:51:54 +0000 2022,-95.44648649999999,29.838495,"@RaefromtheeMo Bandaids are good until the wounds heal,which will take place over time so let your retail therapy/B‚Ä¶ https://t.co/rs8CxM5To2"
1517350460801392640,Theylovestorm_,Fri Apr 22 03:51:55 +0000 2022,-84.35542899999999,33.523112,"I don‚Äôt believe in love, any mf who claimed they loved me did me in the WORST way."
1517350461208088576,MattHarsoccer6,Fri Apr 22 03:51:55 +0000 2022,-122.149397,47.8627655,"@_MatthewThomp Congratulations, and well earned!"
1517350462315327489,joss_soulsy,Fri Apr 22 03:51:55 +0000 2022,-118.4119065,34.0207895,Am I the only one that has never tried Raising Cane‚Äôs? ü•≤
1517350463393345538,adell_tim,Fri Apr 22 03:51:56 +0000 2022,-117.31450050000001,34.032379000000006,@RepStefanik Remember when Elise Stefanik was an honest person? Me neither.
1517350464521752577,HeroFoxTail,Fri Apr 22 03:51:56 +0000 2022,-85.6411415,42.9564115,Apples are good üòä
1517350464479760384,SukhiSinghforNY,Fri Apr 22 03:51:56 +0000 2022,-73.8311875,40.6708795,Good luck sister
1517350464420864000,quis__custodiet,Fri Apr 22 03:51:56 +0000 2022,-118.28727,34.04613,0351ZN267LA LAPD AIR SUPPORT DIVISIONN34.0461 W118.2873Altitude: 750ftCourse: 76¬∫Groundspeed: 43kts https://t.co/0Z1X9drYkH
1517350465683529729,JoyAnsley2,Fri Apr 22 03:51:56 +0000 2022,-83.804475,27.698681999999998,Forgiveness doesn‚Äôt require reconnection.. #letitgo #moveon
1517350466434351104,SShonekan,Fri Apr 22 03:51:56 +0000 2022,-92.4367735,38.3045585,@President_Pines @umd_arhu Thank you so much @President_Pines ‚Äî looking forward to joining the @UofMaryland community
1517350466828615681,UMightDieTryn,Fri Apr 22 03:51:56 +0000 2022,-74.0960495,40.9027595,"@cstewwarner @THEVinceRusso Vince: ""Im a child of God.""Also Vince: ""Send in quotes so i can continue to insult th‚Ä¶ https://t.co/UxouzdY6ny"
1517350467851931650,DangerKatt,Fri Apr 22 03:51:57 +0000 2022,-118.2445,34.0564,"Just posted a photo @ Los Angeles, California https://t.co/q3Xyg8Uouw"
1517350468221083655,Lawana25712499,Fri Apr 22 03:51:57 +0000 2022,-75.77004099999999,42.746617,@kashdoll Hey hunny can u check out my GoFundMe campaign an share please üôè and thanks congratulations to ur baby ho‚Ä¶ https://t.co/aic6UVWOfQ
1517350468476878848,kkong861,Fri Apr 22 03:51:57 +0000 2022,-97.47742600000001,25.9721055,"@ComplexSports This is the life you chose! Last of the gladiators!""This is the hurt business""!(Teddy Atlas)"
1517350467642216461,Cisneros_Miller,Fri Apr 22 03:51:57 +0000 2022,-88.27921900000001,40.1074845,I see you @JaredBadieü´† Let me just say‚Ä¶.I am Super Proud of ALL our 2022‚Äôsüëåüî∏üîπüî∏üîπüî∏üîπüî∏üîπüî∏üîπüî∏üîπüî∏ https://t.co/stApTdhL5m
1517350468955037696,jsmjr666,Fri Apr 22 03:51:57 +0000 2022,-82.878778,42.598038,Northman 10/10
1517350469080956928,2_words_1finger,Fri Apr 22 03:51:57 +0000 2022,-95.44648649999999,29.838495,Oh I love this and I don‚Äôt like flowers
1517350469324226560,mree442,Fri Apr 22 03:51:57 +0000 2022,-92.7019445,32.5277255,318 wus good ?
1517350470976634880,TristanAasland,Fri Apr 22 03:51:57 +0000 2022,-120.882482,47.273022,Back on the bump Friday against Inglemoor. üêæ‚öæÔ∏è#WinTheDay
1517350471073214464,swaggaa13,Fri Apr 22 03:51:57 +0000 2022,-73.5577115,40.7219945,"Sometimes I don‚Äôt understand why the good looking girls waste their time being a lesbian, cuz les-be-honest you could do better!"
1517350472855834625,Dufek82,Fri Apr 22 03:51:58 +0000 2022,-86.665592,36.169075,Drinking üç∫ @ Phat Bites.  #Nashville.
1517350473296228382,Alsha90,Fri Apr 22 03:51:58 +0000 2022,-83.6540795,32.848817499999996,I need a Damn phone charger
1517350473254293505,DINOADZ,Fri Apr 22 03:51:58 +0000 2022,-79.0021125,35.054626999999996,Check out Daniel Davis8762's video! #TikTok https://t.co/IdVslvtu58
1517350474235613185,AnickanMusic,Fri Apr 22 03:51:58 +0000 2022,-111.928142,33.392883999999995,"Ever since i had the guts to run away, i started runnin, dreamin, chasin after better days.. ‚ú®"
1517350475007336448,ShanelleDaMango,Fri Apr 22 03:51:58 +0000 2022,-157.799589,21.3199435,if ur like him pls come forward
1517350476701847552,ishmahmanjireh,Fri Apr 22 03:51:59 +0000 2022,-117.104989,32.810012,Do even need Luka to play this series?  #MFFL
1517350478035791872,gntlmnking,Fri Apr 22 03:51:59 +0000 2022,-73.8494415,40.8503475,I'm waiting on the GSW to win this game. #NBA #NBAonTNT #NBA75 #NBAplayoffs
1517350478887079936,MarsellusDurden,Fri Apr 22 03:51:59 +0000 2022,-121.896165,37.431473,@amxndareviews Change of plans lmaoI think I will when I do see it though üòÑ
1517350478979473409,Jhopskippa,Fri Apr 22 03:51:59 +0000 2022,-84.55789899999999,42.712049,@netlah__ Nah I take the approach of happy to be addition to your community some people havent found out I stream u‚Ä¶ https://t.co/oKUBeUIFVB
1517350479889641472,Gabby_Shirley_,Fri Apr 22 03:52:00 +0000 2022,-82.44269399999999,27.9965945,"Stamkos on St. Louis, who narrated a congratulatory video for him: ‚ÄúI can't wait to give him a call, maybe not toni‚Ä¶ https://t.co/VcuavliXeM"
1517350480275456000,syopp98,Fri Apr 22 03:52:00 +0000 2022,-81.6594095,35.103567,The shower got me feeling right!! Going to bed later than I wanted but I‚Äôm bouta get right
1517350480690745346,FruetelJon,Fri Apr 22 03:52:00 +0000 2022,-86.7779855,35.9952715,@HattMancockMP Hahaaaass ü§£ü§£ü§£
1517350481059885058,democraticbear,Fri Apr 22 03:52:00 +0000 2022,-80.08421200000001,26.6170285,The likelihood of Trump having ever been in the Oval Office would likely have been far less had Faceb*ok been regul‚Ä¶ https://t.co/CfviuiVrfZ
1517350482028675094,jessieroro13,Fri Apr 22 03:52:00 +0000 2022,-73.9685415,40.780709,I‚Äôm in Midtown Manhattan and just witnessed German tourists amusedly taking pictures of the rats going in and out o‚Ä¶ https://t.co/hGJZ9kkfPV
1517350481873584128,cecelia53926707,Fri Apr 22 03:52:00 +0000 2022,-96.78553099999999,32.604786000000004,@marchmatron I miss politicians with Some Morals n Desceny‚Ä¶that knocks out Governor @GregAbbott_TX @RonDeSantisFL n‚Ä¶ https://t.co/4oTejC12Cy
1517350482951483393,TeriCBrownUGA,Fri Apr 22 03:52:00 +0000 2022,-83.1738665,32.6782075,@SFGate 2021? That‚Äôs BIDEN
1517350487405830145,DesigningDebra,Fri Apr 22 03:52:01 +0000 2022,-81.25,42.9833,"Just posted a photo @ London, Ontario https://t.co/uYBdselOBs"
1517350489721122846,_maniirenee,Fri Apr 22 03:52:02 +0000 2022,-91.107974,30.499771000000003,let‚Äôs not get friendly and being cordial confused üòò
1517350489796583426,Real_Deal_CNeal,Fri Apr 22 03:52:02 +0000 2022,-87.2029615,30.521057,@leftelvis @TarantoAnthony I love my 4i. And my 3‚Ä¶ and mostly my 2 üòé
1517350491595882496,Brady_Bunch12,Fri Apr 22 03:52:02 +0000 2022,-77.789848,34.286576999999994,@Pickswise This is the best comedy TV show currently on air.
1517350492795400193,badger_honey23,Fri Apr 22 03:52:03 +0000 2022,-111.6964685,40.2951135,I hate this team üó£üó£üó£
1517350493454020609,TylerSaintReal,Fri Apr 22 03:52:03 +0000 2022,-88.728421,34.264073499999995,@SanFranMatt Thanks my friend!
1517350494141829120,g4tisss,Fri Apr 22 03:52:03 +0000 2022,-83.1738665,32.6782075,hey. What is this from. üëÄ https://t.co/RDEjZaEz3S
1517350496171958272,__benwade,Fri Apr 22 03:52:03 +0000 2022,-96.835249,33.1501395,Go damn Mavs. #mffl
1517350497744605185,AU_Careers,Fri Apr 22 03:52:04 +0000 2022,-95.3698028,29.7604267,"Check out the latest opening in Houston, TX. Join our phenomenal team! #HiringPhenomenalTalent https://t.co/0SzvBPWHEF #HiringNow"
1517350498759847936,hannahxiamara,Fri Apr 22 03:52:04 +0000 2022,-97.28591349999999,32.7799665,i say join em if you can‚Äôt beat emmmmmmmm
1517350501523853314,goooeydisk,Fri Apr 22 03:52:05 +0000 2022,-75.77004099999999,42.746617,@nio_ant0 that tweet is going to make me look bad
1517350501867683840,JakeBossMTG,Fri Apr 22 03:52:05 +0000 2022,-118.0549085,34.1031895,I heard Chris Pratley was playing Richard Garfield in the movie
